<?xml version="1.0" encoding="UTF-8"?>
<BFAnimationContainer>
	<Animation name="chicken" type="frames">
		<Sprite name="chicken_0001" x="22.47029702970297" y="21.534065934065936"/>
		<Sprite name="chicken_0002" x="22.075" y="22.38817204301075"/>
		<Sprite name="chicken_0003" x="22.20154639175258" y="22.7"/>
		<Sprite name="chicken_0004" x="22.03440860215054" y="25.162105263157894"/>
		<Sprite name="chicken_0005" x="21.913186813186815" y="26.717171717171716"/>
		<Sprite name="chicken_0006" x="21.786813186813188" y="27.67128712871287"/>
		<Sprite name="chicken_0007" x="21.4" y="27.979797979797976"/>
		<Sprite name="chicken_0008" x="21.786813186813188" y="27.494554455445545"/>
		<Sprite name="chicken_0009" x="21.725" y="25.85"/>
		<Sprite name="chicken_0010" x="22.13052631578947" y="23.879032258064516"/>
		<Sprite name="chicken_0011" x="22.297979797979796" y="22.413440860215054"/>
		<Sprite name="chicken_0012" x="22.47029702970297" y="21.534065934065936"/>
	</Animation>
	<Animation name="background_sky" type="frames">
		<Sprite name="background_sky" x="418.95" y="320.55"/>
	</Animation>
	<Animation name="wheel" type="frames">
		<Sprite name="wheel" x="175.55" y="175.45"/>
	</Animation>
	<Animation name="power_question" type="frames">
		<Sprite name="power_question_0001" x="55.55" y="52.7"/>
		<Sprite name="power_question_0002" x="47.400000000000006" y="44.55"/>
		<Sprite name="power_question_0003" x="39.2" y="36.35"/>
		<Sprite name="power_question_0004" x="32.6" y="32.6"/>
		<Sprite name="power_question_0005" x="32.6" y="32.6"/>
		<Sprite name="power_question_0006" x="32.6" y="32.6"/>
		<Sprite name="power_question_0007" x="32.6" y="32.6"/>
		<Sprite name="power_question_0008" x="32.6" y="32.6"/>
	</Animation>
	<Animation name="power_question_light" type="frames">
		<Sprite name="power_question_light" x="68.3" y="68.35"/>
	</Animation>
	<Animation name="power_icons" type="frames">
		<Sprite name="power_icons_0001" x="65.2" y="65.2"/>
		<Sprite name="power_icons_0002" x="65.2" y="65.2"/>
		<Sprite name="power_icons_0003" x="65.2" y="65.2"/>
		<Sprite name="power_icons_0004" x="65.2" y="65.2"/>
		<Sprite name="power_icons_0005" x="72.5" y="67.55"/>
		<Sprite name="power_icons_0006" x="65.2" y="65.2"/>
	</Animation>
	<Animation name="explosion" type="frames">
		<Sprite name="explosion_0001" x="28.95" y="31.95"/>
		<Sprite name="explosion_0002" x="78.85" y="101.5"/>
		<Sprite name="explosion_0003" x="95.25" y="117.85"/>
		<Sprite name="explosion_0004" x="145.05" y="178.4"/>
		<Sprite name="explosion_0005" x="216.7" y="218.40000000000003"/>
		<Sprite name="explosion_0006" x="241.60000000000002" y="232.1"/>
		<Sprite name="explosion_0007" x="111.85" y="172.65"/>
		<Sprite name="explosion_0008" x="121.2" y="169"/>
		<Sprite name="explosion_0009" x="129.25" y="118.8"/>
		<Sprite name="explosion_0010" x="132.1" y="120.5"/>
	</Animation>
	<Animation name="coin_pick" type="frames">
		<Sprite name="coin_pick_0001" x="36.25" y="33.8"/>
		<Sprite name="coin_pick_0002" x="31.2" y="28.95"/>
		<Sprite name="coin_pick_0003" x="26.15" y="24.15"/>
		<Sprite name="coin_pick_0004" x="21.05" y="20.5"/>
		<Sprite name="coin_pick_0005" x="20.5" y="20.5"/>
		<Sprite name="coin_pick_0006" x="20.5" y="20.5"/>
		<Sprite name="coin_pick_0007" x="20.5" y="20.5"/>
		<Sprite name="coin_pick_0008" x="20.5" y="20.5"/>
	</Animation>
	<Animation name="nitro_pick" type="frames">
		<Sprite name="nitro_pick_0001" x="36.25" y="33.8"/>
		<Sprite name="nitro_pick_0002" x="31.2" y="28.95"/>
		<Sprite name="nitro_pick_0003" x="26.15" y="24.15"/>
		<Sprite name="nitro_pick_0004" x="21.05" y="20.5"/>
		<Sprite name="nitro_pick_0005" x="20.5" y="20.5"/>
		<Sprite name="nitro_pick_0006" x="20.5" y="20.5"/>
		<Sprite name="nitro_pick_0007" x="20.5" y="20.5"/>
		<Sprite name="nitro_pick_0008" x="20.5" y="20.5"/>
	</Animation>
	<Animation name="bot_jump_pick" type="frames">
		<Sprite name="bot_jump_pick" x="20.45" y="20.45"/>
	</Animation>
	<Animation name="race_start" type="frames">
		<Sprite name="race_start_0001" x="36.75" y="52.4"/>
		<Sprite name="race_start_0002" x="33.4" y="52.849999999999994"/>
		<Sprite name="race_start_0003" x="28.1" y="52"/>
		<Sprite name="race_start_0004" x="82.9" y="50.5"/>
	</Animation>
	<Animation name="finished_text" type="frames">
		<Sprite name="finished_text" x="191" y="45.65"/>
	</Animation>
	<Animation name="current_position" type="frames">
		<Sprite name="current_position_0001" x="25.45" y="25.450000000000003"/>
		<Sprite name="current_position_0002" x="25.45" y="25.450000000000003"/>
		<Sprite name="current_position_0003" x="25.45" y="25.450000000000003"/>
		<Sprite name="current_position_0004" x="25.45" y="25.450000000000003"/>
		<Sprite name="current_position_0005" x="25.45" y="25.450000000000003"/>
		<Sprite name="current_position_0006" x="25.45" y="25.450000000000003"/>
		<Sprite name="current_position_0007" x="25.45" y="25.450000000000003"/>
		<Sprite name="current_position_0008" x="25.45" y="25.450000000000003"/>
		<Sprite name="current_position_0009" x="25.45" y="25.450000000000003"/>
	</Animation>
	<Animation name="nitro_flames" type="frames">
		<Sprite name="nitro_flames_0001" x="70.8" y="28.5"/>
		<Sprite name="nitro_flames_0002" x="76.5" y="27.700000000000003"/>
		<Sprite name="nitro_flames_0003" x="82.25" y="27.700000000000003"/>
		<Sprite name="nitro_flames_0004" x="76.55" y="27.700000000000003"/>
		<Sprite name="nitro_flames_0005" x="79" y="23.85"/>
		<Sprite name="nitro_flames_0006" x="82.25" y="23.8"/>
		<Sprite name="nitro_flames_0007" x="89.35" y="23.75"/>
		<Sprite name="nitro_flames_0008" x="77.69999999999999" y="23.85"/>
		<Sprite name="nitro_flames_0009" x="79.95" y="27.700000000000003"/>
		<Sprite name="nitro_flames_0010" x="82.25" y="27.700000000000003"/>
		<Sprite name="nitro_flames_0011" x="77.95000000000002" y="27.700000000000003"/>
		<Sprite name="nitro_flames_0012" x="81.55" y="28.5"/>
	</Animation>
	<Animation name="booster" type="frames">
		<Sprite name="booster_0001" x="39.7" y="12.95"/>
		<Sprite name="booster_0002" x="39.7" y="12.95"/>
		<Sprite name="booster_0003" x="39.7" y="12.95"/>
	</Animation>
	<Animation name="button_pause" type="frames">
		<Sprite name="button_pause" x="48.9" y="48.9"/>
	</Animation>
	<Animation name="jump_green_button" type="frames">
		<Sprite name="jump_green_button_0001" x="65.2" y="65.2"/>
		<Sprite name="jump_green_button_0002" x="65.2" y="65.2"/>
	</Animation>
	<Animation name="jump_yellow_button" type="frames">
		<Sprite name="jump_yellow_button_0001" x="65.2" y="65.2"/>
		<Sprite name="jump_yellow_button_0002" x="65.2" y="65.2"/>
	</Animation>
	<Animation name="button_restart" type="frames">
		<Sprite name="button_restart" x="65.2" y="65.2"/>
	</Animation>
	<Animation name="button_play" type="frames">
		<Sprite name="button_play" x="65.2" y="65.2"/>
	</Animation>
	<Animation name="nitro_button" type="frames">
		<Sprite name="nitro_button_0001" x="65.2" y="65.2"/>
		<Sprite name="nitro_button_0002" x="65.2" y="65.2"/>
	</Animation>
	<Animation name="nitro_1_point" type="frames">
		<Sprite name="nitro_1_point" x="23.6" y="58.1"/>
	</Animation>
	<Animation name="power_bomb_burning" type="frames">
		<Sprite name="power_bomb_burning_0001" x="54.65" y="21.6"/>
		<Sprite name="power_bomb_burning_0002" x="54.650000000000006" y="21.6"/>
		<Sprite name="power_bomb_burning_0003" x="54.65" y="21.6"/>
	</Animation>
	<Animation name="power_dynamite" type="frames">
		<Sprite name="power_dynamite_0001" x="46.1" y="25.95"/>
		<Sprite name="power_dynamite_0002" x="46.1" y="25.95"/>
		<Sprite name="power_dynamite_0003" x="46.1" y="25.95"/>
	</Animation>
	<Animation name="power_magnet" type="frames">
		<Sprite name="power_magnet_0001" x="65.2" y="89.6"/>
		<Sprite name="power_magnet_0002" x="65.15" y="89.5"/>
		<Sprite name="power_magnet_0003" x="65.15" y="89.5"/>
		<Sprite name="power_magnet_0004" x="65.2" y="89.6"/>
		<Sprite name="power_magnet_0005" x="62.5" y="85.75"/>
		<Sprite name="power_magnet_0006" x="59.9" y="82.1"/>
		<Sprite name="power_magnet_0007" x="57.3" y="78.25"/>
		<Sprite name="power_magnet_0008" x="53.65" y="73.3"/>
		<Sprite name="power_magnet_0009" x="50.05" y="68.45"/>
		<Sprite name="power_magnet_0010" x="46.65" y="63.55"/>
		<Sprite name="power_magnet_0011" x="43.1" y="58.8"/>
	</Animation>
	<Animation name="power_shield" type="frames">
		<Sprite name="power_shield_0001" x="40.6" y="31.65"/>
		<Sprite name="power_shield_0002" x="43.2" y="31.65"/>
		<Sprite name="power_shield_0003" x="45.85" y="31.65"/>
		<Sprite name="power_shield_0004" x="48.5" y="31.65"/>
		<Sprite name="power_shield_0005" x="51.1" y="31.65"/>
		<Sprite name="power_shield_0006" x="53.7" y="31.65"/>
		<Sprite name="power_shield_0007" x="56.35" y="31.65"/>
		<Sprite name="power_shield_0008" x="58.9" y="31.65"/>
		<Sprite name="power_shield_0009" x="61.55" y="32.1"/>
		<Sprite name="power_shield_0010" x="64.15" y="33.6"/>
		<Sprite name="power_shield_0011" x="66.75" y="35"/>
		<Sprite name="power_shield_0012" x="69.4" y="36.6"/>
		<Sprite name="power_shield_0013" x="72.05" y="38.04999999999999"/>
		<Sprite name="power_shield_0014" x="74.65" y="39.5"/>
		<Sprite name="power_shield_0015" x="77.25" y="40.9"/>
	</Animation>
	<Animation name="ramp_simple" type="frames">
		<Sprite name="ramp_simple" x="227.55" y="157.75"/>
	</Animation>
	<Animation name="ramp_accelerated" type="frames">
		<Sprite name="ramp_accelerated_0001" x="227.55" y="157.75"/>
		<Sprite name="ramp_accelerated_0002" x="227.55" y="157.75"/>
	</Animation>
	<Animation name="box" type="frames">
		<Sprite name="box" x="39.2" y="39.25"/>
	</Animation>
	<Animation name="box_piece1" type="frames">
		<Sprite name="box_piece1" x="31.25" y="5.7"/>
	</Animation>
	<Animation name="box_piece2" type="frames">
		<Sprite name="box_piece2" x="33.75" y="3.55"/>
	</Animation>
	<Animation name="explosive_metal_barrel" type="frames">
		<Sprite name="explosive_metal_barrel" x="33.15" y="44.25"/>
	</Animation>
	<Animation name="barrel_full" type="frames">
		<Sprite name="barrel_full" x="42.65" y="62.4"/>
	</Animation>
	<Animation name="barrel" type="frames">
		<Sprite name="barrel" x="36.1" y="42.800000000000004"/>
	</Animation>
	<Animation name="fish" type="frames">
		<Sprite name="fish" x="41.1" y="13.8"/>
	</Animation>
	<Animation name="barrel_piece1" type="frames">
		<Sprite name="barrel_piece1" x="11.95" y="35.2"/>
	</Animation>
	<Animation name="barrel_piece2" type="frames">
		<Sprite name="barrel_piece2" x="6.95" y="42.4"/>
	</Animation>
	<Animation name="barrel_piece3" type="frames">
		<Sprite name="barrel_piece3" x="10.649999999999999" y="42.05"/>
	</Animation>
	<Animation name="barrel_piece4" type="frames">
		<Sprite name="barrel_piece4" x="14.7" y="42.4"/>
	</Animation>
	<Animation name="crate_full" type="frames">
		<Sprite name="crate_full" x="38.35" y="18.65"/>
	</Animation>
	<Animation name="crate" type="frames">
		<Sprite name="crate" x="23.75" y="17.15"/>
	</Animation>
	<Animation name="crate_piece1" type="frames">
		<Sprite name="crate_piece1" x="24.65" y="3.7"/>
	</Animation>
	<Animation name="crate_piece2" type="frames">
		<Sprite name="crate_piece2" x="17.4" y="3.7"/>
	</Animation>
	<Animation name="orange_full" type="frames">
		<Sprite name="orange_full" x="8.1" y="12.2"/>
	</Animation>
	<Animation name="bar_full" type="frames">
		<Sprite name="bar_full" x="135" y="134.05"/>
	</Animation>
	<Animation name="bar" type="frames">
		<Sprite name="bar" x="132.2" y="167"/>
	</Animation>
	<Animation name="bar_chair1" type="frames">
		<Sprite name="bar_chair1" x="7.05" y="48"/>
	</Animation>
	<Animation name="bar_chair2" type="frames">
		<Sprite name="bar_chair2" x="7.05" y="48"/>
	</Animation>
	<Animation name="bar_chair3" type="frames">
		<Sprite name="bar_chair3" x="7.05" y="48"/>
	</Animation>
	<Animation name="surfboard1" type="frames">
		<Sprite name="surfboard1" x="27.75" y="87.2"/>
	</Animation>
	<Animation name="surfboard2" type="frames">
		<Sprite name="surfboard2" x="27.75" y="87.2"/>
	</Animation>
	<Animation name="surfboard3" type="frames">
		<Sprite name="surfboard3" x="27.75" y="87.2"/>
	</Animation>
	<Animation name="shack_full" type="frames">
		<Sprite name="shack_full" x="137.85" y="78.25"/>
	</Animation>
	<Animation name="shack" type="frames">
		<Sprite name="shack" x="98.95" y="66.45"/>
	</Animation>
	<Animation name="shack_piece1" type="frames">
		<Sprite name="shack_piece1" x="5.05" y="38.8"/>
	</Animation>
	<Animation name="shack_piece2" type="frames">
		<Sprite name="shack_piece2" x="4.85" y="24.95"/>
	</Animation>
	<Animation name="shack_piece3" type="frames">
		<Sprite name="shack_piece3" x="7.05" y="32.25"/>
	</Animation>
	<Animation name="shack_piece4" type="frames">
		<Sprite name="shack_piece4" x="9.3" y="28.15"/>
	</Animation>
	<Animation name="lifebuoy" type="frames">
		<Sprite name="lifebuoy" x="35.05" y="34.55"/>
	</Animation>
	<Animation name="fruit_stand" type="frames">
		<Sprite name="fruit_stand" x="95.35" y="81.45"/>
	</Animation>
	<Animation name="banana" type="frames">
		<Sprite name="banana" x="20.8" y="21.1"/>
	</Animation>
	<Animation name="watermelon" type="frames">
		<Sprite name="watermelon" x="25.05" y="13.7"/>
	</Animation>
	<Animation name="plate" type="frames">
		<Sprite name="plate" x="31.35" y="6"/>
	</Animation>
	<Animation name="umbrella" type="frames">
		<Sprite name="umbrella" x="96.55000000000001" y="34.8"/>
	</Animation>
	<Animation name="coconut" type="frames">
		<Sprite name="coconut" x="13.35" y="12.65"/>
	</Animation>
	<Animation name="orange" type="frames">
		<Sprite name="orange" x="8.1" y="8.1"/>
	</Animation>
	<Animation name="pineapple" type="frames">
		<Sprite name="pineapple" x="12.45" y="41.95"/>
	</Animation>
	<Animation name="fruit_stand_basis" type="frames">
		<Sprite name="fruit_stand_basis" x="54.2" y="32.2"/>
	</Animation>
	<Animation name="fruit_stand_piece1" type="frames">
		<Sprite name="fruit_stand_piece1" x="39.05" y="8.7"/>
	</Animation>
	<Animation name="dressing_cabin" type="frames">
		<Sprite name="dressing_cabin" x="89.9" y="94"/>
	</Animation>
	<Animation name="minishop" type="frames">
		<Sprite name="minishop" x="74.95" y="76.3"/>
	</Animation>
	<Animation name="table_with_umbrella" type="frames">
		<Sprite name="table_with_umbrella" x="109.7" y="102.4"/>
	</Animation>
	<Animation name="totem" type="frames">
		<Sprite name="totem" x="50.7" y="204.64999999999998"/>
	</Animation>
	<Animation name="root1" type="frames">
		<Sprite name="root1" x="68.1" y="214.6"/>
	</Animation>
	<Animation name="root2" type="frames">
		<Sprite name="root2" x="134.7" y="155.45"/>
	</Animation>
	<Animation name="root3" type="frames">
		<Sprite name="root3" x="159.15" y="154.25"/>
	</Animation>
	<Animation name="root4" type="frames">
		<Sprite name="root4" x="95.85" y="218.5"/>
	</Animation>
	<Animation name="small_palm_tree1" type="frames">
		<Sprite name="small_palm_tree1" x="121.75" y="191.7"/>
	</Animation>
	<Animation name="small_palm_tree2" type="frames">
		<Sprite name="small_palm_tree2" x="85.2" y="107.65"/>
	</Animation>
	<Animation name="small_palm_tree3" type="frames">
		<Sprite name="small_palm_tree3" x="86.85" y="42.8"/>
	</Animation>
	<Animation name="banana_tree1" type="frames">
		<Sprite name="banana_tree1" x="81.35" y="105.8"/>
	</Animation>
	<Animation name="banana_tree2" type="frames">
		<Sprite name="banana_tree2" x="86.9" y="95.65"/>
	</Animation>
	<Animation name="banana_tree3" type="frames">
		<Sprite name="banana_tree3" x="109.7" y="103.85"/>
	</Animation>
	<Animation name="banana_tree4" type="frames">
		<Sprite name="banana_tree4" x="77.8" y="69.5"/>
	</Animation>
	<Animation name="grass1" type="frames">
		<Sprite name="grass1" x="97.75" y="50.35"/>
	</Animation>
	<Animation name="grass2" type="frames">
		<Sprite name="grass2" x="128.75" y="66.35"/>
	</Animation>
	<Animation name="grass3" type="frames">
		<Sprite name="grass3" x="74.65" y="21.5"/>
	</Animation>
	<Animation name="grass4" type="frames">
		<Sprite name="grass4" x="17.4" y="45.6"/>
	</Animation>
	<Animation name="grass5" type="frames">
		<Sprite name="grass5" x="53.55" y="32.3"/>
	</Animation>
	<Animation name="grass6" type="frames">
		<Sprite name="grass6" x="92.15" y="43.9"/>
	</Animation>
	<Animation name="coconuts" type="frames">
		<Sprite name="coconuts" x="31" y="19.5"/>
	</Animation>
	<Animation name="rock" type="frames">
		<Sprite name="rock" x="39.65" y="17.15"/>
	</Animation>
	<Animation name="small_plant1" type="frames">
		<Sprite name="small_plant1" x="38.95" y="53.35"/>
	</Animation>
	<Animation name="tree_coconut" type="frames">
		<Sprite name="tree_coconut" x="12.7" y="13.35"/>
	</Animation>
	<Animation name="palm_island1" type="frames">
		<Sprite name="palm_island1" x="173" y="109.84999999999998"/>
	</Animation>
	<Animation name="palm_island2" type="frames">
		<Sprite name="palm_island2" x="80" y="84.55"/>
	</Animation>
	<Animation name="palm_island3" type="frames">
		<Sprite name="palm_island3" x="77.45" y="92.5"/>
	</Animation>
	<Animation name="mushroom1" type="frames">
		<Sprite name="mushroom1" x="22.7" y="25.7"/>
	</Animation>
	<Animation name="mushroom2" type="frames">
		<Sprite name="mushroom2" x="33.2" y="32.75"/>
	</Animation>
	<Animation name="mushroom3" type="frames">
		<Sprite name="mushroom3" x="30.95" y="37.05"/>
	</Animation>
	<Animation name="mushroom4" type="frames">
		<Sprite name="mushroom4" x="36" y="27.9"/>
	</Animation>
	<Animation name="mushroom5" type="frames">
		<Sprite name="mushroom5" x="32.8" y="45"/>
	</Animation>
	<Animation name="clouds" type="frames">
		<Sprite name="clouds" x="272.95" y="71.15"/>
	</Animation>
	<Animation name="big_volcano" type="frames">
		<Sprite name="big_volcano" x="179" y="184"/>
	</Animation>
	<Animation name="big_volcano_scale_2" type="frames">
		<Sprite name="big_volcano_scale_2" x="350.79999999999995" y="357"/>
	</Animation>
	<Animation name="narrow_volcano" type="frames">
		<Sprite name="narrow_volcano" x="136.95" y="115.45"/>
	</Animation>
	<Animation name="long_sand_island" type="frames">
		<Sprite name="long_sand_island" x="131.1" y="56.05"/>
	</Animation>
	<Animation name="long_sand_island_scale_3" type="frames">
		<Sprite name="long_sand_island_scale_3" x="389.3" y="164.1"/>
	</Animation>
	<Animation name="long_green_island" type="frames">
		<Sprite name="long_green_island" x="100" y="51.05"/>
	</Animation>
	<Animation name="long_green_island_scale_3" type="frames">
		<Sprite name="long_green_island_scale_3" x="296" y="149.1"/>
	</Animation>
	<Animation name="green_island" type="frames">
		<Sprite name="green_island" x="60.8" y="48.85"/>
	</Animation>
	<Animation name="green_island_scale_3" type="frames">
		<Sprite name="green_island_scale_3" x="178.4" y="144.5"/>
	</Animation>
	<Animation name="big_sand_island" type="frames">
		<Sprite name="big_sand_island" x="140.65" y="78.2"/>
	</Animation>
	<Animation name="big_sand_island_scale_3" type="frames">
		<Sprite name="big_sand_island_scale_3" x="417.95" y="230.6"/>
	</Animation>
	<Animation name="high_sand_island" type="frames">
		<Sprite name="high_sand_island" x="51.85" y="114.9"/>
	</Animation>
	<Animation name="high_sand_island_scale_3" type="frames">
		<Sprite name="high_sand_island_scale_3" x="151.55" y="340.65"/>
	</Animation>
	<Animation name="very_big_sand_island" type="frames">
		<Sprite name="very_big_sand_island" x="241.6" y="75.2"/>
	</Animation>
	<Animation name="very_big_sand_island_scale_3" type="frames">
		<Sprite name="very_big_sand_island_scale_3" x="720.8" y="221.6"/>
	</Animation>
	<Animation name="big_green_island" type="frames">
		<Sprite name="big_green_island" x="175" y="48.85"/>
	</Animation>
	<Animation name="big_green_island_scale_3" type="frames">
		<Sprite name="big_green_island_scale_3" x="521" y="144.5"/>
	</Animation>
	<Animation name="sinking_titanic" type="frames">
		<Sprite name="sinking_titanic" x="72.7" y="71.35"/>
	</Animation>
	<Animation name="sinking_titanic_scale_3" type="frames">
		<Sprite name="sinking_titanic_scale_3" x="212.09999999999997" y="208.04999999999998"/>
	</Animation>
	<Animation name="big_ship" type="frames">
		<Sprite name="big_ship" x="97.4" y="38.55"/>
	</Animation>
	<Animation name="big_ship_scale_3" type="frames">
		<Sprite name="big_ship_scale_3" x="284.15" y="107.69999999999999"/>
	</Animation>
	<Animation name="pirate_ship" type="frames">
		<Sprite name="pirate_ship" x="106.6" y="76.05"/>
	</Animation>
	<Animation name="pirate_ship_scale_3" type="frames">
		<Sprite name="pirate_ship_scale_3" x="315.8" y="224.15"/>
	</Animation>
	<Animation name="sailing_yacht" type="frames">
		<Sprite name="sailing_yacht" x="44.699999999999996" y="49.15"/>
	</Animation>
	<Animation name="sailing_yacht_scale_3" type="frames">
		<Sprite name="sailing_yacht_scale_3" x="132.05" y="145.4"/>
	</Animation>
	<Animation name="fast_yacht" type="frames">
		<Sprite name="fast_yacht" x="60.15" y="18.05"/>
	</Animation>
	<Animation name="fast_yacht_scale_3" type="frames">
		<Sprite name="fast_yacht_scale_3" x="178.45" y="52.15"/>
	</Animation>
	<Animation name="house1" type="frames">
		<Sprite name="house1" x="223.65" y="193.55"/>
	</Animation>
	<Animation name="house1_scale_03" type="frames">
		<Sprite name="house1_scale_03" x="66.8953125" y="57.86546391752577"/>
	</Animation>
	<Animation name="house1_scale_01" type="frames">
		<Sprite name="house1_scale_01" x="22.46484375" y="19.454768041237113"/>
	</Animation>
	<Animation name="house2" type="frames">
		<Sprite name="house2" x="270.15" y="128"/>
	</Animation>
	<Animation name="house2_scale_03" type="frames">
		<Sprite name="house2_scale_03" x="81.10739030023095" y="38.34101382488479"/>
	</Animation>
	<Animation name="house2_scale_01" type="frames">
		<Sprite name="house2_scale_01" x="26.82782909930716" y="12.682027649769585"/>
	</Animation>
	<Animation name="house3" type="frames">
		<Sprite name="house3" x="270.15" y="115.25000000000001"/>
	</Animation>
	<Animation name="house3_scale_03" type="frames">
		<Sprite name="house3_scale_03" x="80.93988326848248" y="34.65751789976134"/>
	</Animation>
	<Animation name="house3_scale_01" type="frames">
		<Sprite name="house3_scale_01" x="26.804766536964976" y="11.552505966587113"/>
	</Animation>
</BFAnimationContainer>